,Title,Artist,ConstituentID,ArtistBio,Nationality,BeginDate,EndDate,Gender,Date,Medium,Dimensions,CreditLine,AccessionNumber,Classification,Department,DateAcquired,Cataloged,ObjectID,URL,ThumbnailURL,Height (cm),Width (cm),Depth (cm),Weight (kg),Diameter (cm),Length (cm),Circumference (cm),Duration (sec.)
59696,Sleep (Le Sommeil),['Odilon Redon'],[4840],"['French, 1840–1916']",['French'],[1840],[1916],['Male'],1898,Lithograph,"composition (irreg.): 4 7/8 x 4 15/16"" (12.4 x 12.6 cm); sheet: 12 1/16 x 9 15/16"" (30.7 x 25.2 cm)",Gift of The Ian Woodner Family Collection,171.2000,Print,Drawings & Prints,2000-03-02,Y,63536,http://www.moma.org/collection/works/63536,http://www.moma.org/media/W1siZiIsIjk3MjI2Il0sWyJwIiwiY29udmVydCIsIi1yZXNpemUgMzAweDMwMFx1MDAzZSJdXQ.jpg?sha=c58ca40558705521,12.4,12.6,,,,,,
73985,"Artist's Studio ""The Dance""",['Roy Lichtenstein'],[3542],"['American, 1923–1997']",['American'],[1923],[1997],['Male'],1974,Oil and magna on canvas,"8' 1/8"" x 10' 8 1/8"" (244.3 x 325.5 cm)","Gift of Mr. and Mrs. S. I. Newhouse, Jr.",362.1990,Painting,Painting & Sculpture,1990-10-09,Y,79538,http://www.moma.org/collection/works/79538,http://www.moma.org/media/W1siZiIsIjI0ODY5NSJdLFsicCIsImNvbnZlcnQiLCItcmVzaXplIDMwMHgzMDBcdTAwM2UiXV0.jpg?sha=431913dcd3c2d084,244.2,325.4,,,,,,
128041,Apricots (Aprikosen),['Elisabeth Hase'],[49972],"['German, 1905–1991']",['German'],[1905],[1991],['Female'],1931,Gelatin silver print,"7 × 9 1/4"" (17.8 × 23.5 cm)",Agnes Rindge Claflin Fund,908.2016,Photograph,Photography,2016-10-13,Y,205818,http://www.moma.org/collection/works/205818,http://www.moma.org/media/W1siZiIsIjM4MDQ4OSJdLFsicCIsImNvbnZlcnQiLCItcmVzaXplIDMwMHgzMDBcdTAwM2UiXV0.jpg?sha=499faf83a8455724,17.7800355601,23.4950469901,,,,,,
43538,"Montelepre, Sicily",['Thomas Roma'],[5006],"['American, born 1950']",['American'],[1950],[0],['Male'],1984-85,Gelatin silver print,"9 × 13 1/4"" (23 × 33.9 cm)",Gift of the artist,96.1986,Photograph,Photography,1986-01-15,Y,46212,http://www.moma.org/collection/works/46212,http://www.moma.org/media/W1siZiIsIjE5MDgzMCJdLFsicCIsImNvbnZlcnQiLCItcmVzaXplIDMwMHgzMDBcdTAwM2UiXV0.jpg?sha=af1f38b7c88b2ae2,23.0,33.9,,,,,,
38266,Versailles,['Eugène Atget'],[229],"['French, 1857–1927']",['French'],[1857],[1927],['Male'],1924,Matte albumen silver print,"Approx. 7 × 8 7/8"" (17.8 × 22.5 cm)",Abbott-Levy Collection. Partial gift of Shirley C. Burden,1.1969.2784,Photograph,Photography,1968-03-06,Y,40790,http://www.moma.org/collection/works/40790,http://www.moma.org/media/W1siZiIsIjMyMDIyMiJdLFsicCIsImNvbnZlcnQiLCItcmVzaXplIDMwMHgzMDBcdTAwM2UiXV0.jpg?sha=3fbdd132ea9e21ee,,,,,,,,
61234,Darkness Mother Darkness Mother,['Andrei Voznesensky'],[6192],"['Russian, born 1933']",['Russian'],[1933],[0],['Male'],1977,Lithograph,"irreg composition  18 7/16 x 18 7/16"" (46.8 x 46.8 cm)
sheet  29 3/4 x 41 1/2"" (75.5 x 105.4 cm)",Gift of Celeste Bartos,250.1978,Print,Drawings & Prints,1978-03-02,Y,65233,http://www.moma.org/collection/works/65233,,46.8,46.8,,,,,,
117259,Rock is Hard,['Rodney Graham'],[25983],"['Canadian, born 1949']",['Canadian'],[1949],[0],['Male'],2003,Set of two 12-inch vinyl records and CD,".1: 12 5/16 x 12 1/2"" (31.2 x 31.7 cm)
.2: 4 15/16 x 5 1/2 x 1/4"" (12.5 x 14 x 0.7 cm)","Gift of Donald Young Gallery
",803.2013.1-2,Media,Drawings & Prints,2013-10-10,Y,175757,http://www.moma.org/collection/works/175757,http://www.moma.org/media/W1siZiIsIjI4ODEyMiJdLFsicCIsImNvbnZlcnQiLCItcmVzaXplIDMwMHgzMDBcdTAwM2UiXV0.jpg?sha=6d5152dbde94fdc9,31.2,31.7,0.0,,,,,
125726,Untitled,['Gertrudes Altschul'],[49197],"['Brazilian, born Germany. 1904–1962']",['Brazilian'],[1904],[1962],['Female'],c. 1952,Gelatin silver print,"10 13/16 × 15 1/4"" (27.5 × 38.7 cm)",Acquired through the generosity of David Dechman and Michel Mercure,36.2016,Photograph,Photography,2016-01-28,Y,200010,http://www.moma.org/collection/works/200010,http://www.moma.org/media/W1siZiIsIjM0NTAzMCJdLFsicCIsImNvbnZlcnQiLCItcmVzaXplIDMwMHgzMDBcdTAwM2UiXV0.jpg?sha=189045ae8cb733eb,27.463804927600002,38.7350774702,,,,,,
104333,"Brother and Sister Waiting, Whitley Bay, Tyneside",['Chris Killip'],[3094],"['British, born 1946']",['British'],[1946],[0],['Male'],1981,"Gelatin silver print, printed 2010","15 9/16 × 19 1/2"" (39.6 × 49.6 cm)",Anonymous gift,438.2011,Photograph,Photography,2011-05-18,Y,142775,http://www.moma.org/collection/works/142775,http://www.moma.org/media/W1siZiIsIjIxODU5MyJdLFsicCIsImNvbnZlcnQiLCItcmVzaXplIDMwMHgzMDBcdTAwM2UiXV0.jpg?sha=5670f08905b56375,39.6,49.6,,,,,,
59295,Ascension Lente,['Louise Bourgeois'],[710],"['American, born France. 1911–2010']",['American'],[1911],[2010],['Female'],1949,"Engraving, with hand additions","plate: 8 3/4 x 6 7/8"" (22.2 x 17.5cm); sheet: 13 x 10 3/16"" (33 x 25.9 cm)",Gift of the artist,144.1990.1,Print,Drawings & Prints,1990-05-02,Y,63107,http://www.moma.org/collection/works/63107,http://www.moma.org/media/W1siZiIsIjE1NTUyMiJdLFsicCIsImNvbnZlcnQiLCItcmVzaXplIDMwMHgzMDBcdTAwM2UiXV0.jpg?sha=b71e905a9640490b,22.2,17.5,,,,,,
2429,Bud Vase,"['Daum Frères', 'Nancy', 'France']",[9682],"['French, established 1875']",['French'],[1875],[0],[],c. 1910,Blown painted glass,"6 x 2"" (15.2 x 5.1 cm)",Joseph H. Heil Bequest,313.1977,Design,Architecture & Design,1977-06-01,Y,3271,http://www.moma.org/collection/works/3271,http://www.moma.org/media/W1siZiIsIjIxMTAzOSJdLFsicCIsImNvbnZlcnQiLCItcmVzaXplIDMwMHgzMDBcdTAwM2UiXV0.jpg?sha=cf45b6ecbcc326b1,15.2,,,,5.08,,,
123413,Attorney,['August Sander'],[5145],"['German, 1876–1964']",['German'],[1876],[1964],['Male'],1932,Gelatin silver print,"10 3/16 × 7 3/8"" (25.8 × 18.7 cm)",Acquired through the generosity of the family of August Sander,472.2015.295,Photograph,Photography,2015-05-28,Y,193927,http://www.moma.org/collection/works/193927,http://www.moma.org/media/W1siZiIsIjMyOTE0MCJdLFsicCIsImNvbnZlcnQiLCItcmVzaXplIDMwMHgzMDBcdTAwM2UiXV0.jpg?sha=6cb9ddecc2b142c0,,,,,,,,
65198,Point of Origin,['Carroll Dunham'],[1652],"['American, born 1949']",['American'],[1949],[0],['Male'],1988–92,Intaglio with etching,"composition: 40 5/8 × 60 5/8"" (103.2 × 154 cm); sheet: 49 5/16 × 68 13/16"" (125.3 × 174.8 cm)",Gift of Emily Fisher Landau,462.1992,Print,Drawings & Prints,1992-11-04,Y,69579,http://www.moma.org/collection/works/69579,,103.2,154.0,,,,,,
80723,"IIT Master Plan, Chicago, Illinois, Exterior perspective",['Ludwig Mies van der Rohe'],[7166],"['American, born Germany. 1886–1969']",['American'],[1886],[1969],['Male'],1939-1941,Pencil and charcoal on illustration board,"30 x 40"" (76.2 x 101.6 cm)","Mies van der Rohe Archive, gift of the architect
",MR4000.256,Mies van der Rohe Archive,Architecture & Design,,Y,88287,http://www.moma.org/collection/works/88287,http://www.moma.org/media/W1siZiIsIjY5MTU3Il0sWyJwIiwiY29udmVydCIsIi1yZXNpemUgMzAweDMwMFx1MDAzZSJdXQ.jpg?sha=c87ebf1b244c4c6e,76.2001524003,101.6002032004,,,,,,
75594,Bull,['Pablo Picasso'],[4609],"['Spanish, 1881–1973']",['Spanish'],[1881],[1973],['Male'],"Cannes, c. 1958","Plywood, tree branch, nails, and screws","46 1/8 x 56 3/4 x 4 1/8"" (117.2 x 144.1 x 10.5 cm)",Gift of Jacqueline Picasso in honor of the Museum's continuous commitment to Pablo Picasso's art,649.1983,Sculpture,Painting & Sculpture,1983-10-11,Y,81736,http://www.moma.org/collection/works/81736,http://www.moma.org/media/W1siZiIsIjMxMTIyMCJdLFsicCIsImNvbnZlcnQiLCItcmVzaXplIDMwMHgzMDBcdTAwM2UiXV0.jpg?sha=d7a0c68d605b6c4d,117.2,144.1,10.5,,,,,
74452,Umbrella and Bowler,['Fernand Léger'],[6624],"['French, 1881–1955']",['French'],[1881],[1955],['Male'],1926,Oil on canvas,"51 1/4 x 38 3/4"" (130.1 x 98.2 cm)",A. Conger Goodyear Fund,650.1959,Painting,Painting & Sculpture,1959-06-11,Y,80186,http://www.moma.org/collection/works/80186,http://www.moma.org/media/W1siZiIsIjE1MDkxMCJdLFsicCIsImNvbnZlcnQiLCItcmVzaXplIDMwMHgzMDBcdTAwM2UiXV0.jpg?sha=076e835a89d9c98a,130.1,98.2,,,,,,
97819,Catalog Design Process,['Ladislav Sutnar'],[5740],"['American, born Bohemia (now Czech Republic). 1897–1976']",['American'],[1897],[1976],['Male'],1950,Lithograph,"8 1/2 x 4"" (21.6 x 10.2 cm)",Gift of Radoslav Sutnar,401.2009.5,Design,Architecture & Design,2009-04-15,Y,129027,http://www.moma.org/collection/works/129027,http://www.moma.org/media/W1siZiIsIjE3MjgyNCJdLFsicCIsImNvbnZlcnQiLCItcmVzaXplIDMwMHgzMDBcdTAwM2UiXV0.jpg?sha=2559dff5194b706d,21.5900431801,10.16002032,,,,,,
32737,Untitled from Cuban Sketch Book,['Jules Pascin'],[4514],"['American, born Bulgaria. 1885–1930']",['American'],[1885],[1930],['Male'],(c. 1914-20),Conté crayon on paper,"2 3/8 x 4 3/8"" (6.1 x 11.1 cm)",Gift of Abby Aldrich Rockefeller,125.1935.24,Drawing,Drawings & Prints,1935-02-27,Y,34333,http://www.moma.org/collection/works/34333,,6.0,11.1,,,,,,
93044,Echoes of Techno,['Niklaus Troxler'],[5940],"['Swiss, born 1947']",['Swiss'],[1947],[0],['Male'],2000,Silkscreen,"35 5/8 x 50 3/8"" (90.5 x 128 cm)",Gift of the designer,480.2008,Design,Architecture & Design,2008-02-06,Y,116813,http://www.moma.org/collection/works/116813,http://www.moma.org/media/W1siZiIsIjE1OTAzNiJdLFsicCIsImNvbnZlcnQiLCItcmVzaXplIDMwMHgzMDBcdTAwM2UiXV0.jpg?sha=975dcafdef2d9ca0,90.4876809754,127.9527559055,,,,,,
137656,Scheibenhenkel (Disk handle) tea cup and saucer,['Margarete (Grete) Heymann Loebenstein Marks'],[131776],"['British, born Germany. 1899-1990']",['British'],[1899],[1990],[],1930,Glazed stoneware,"2 1/2 × 5 1/4 × 4 1/4"" (6.4 × 13.3 × 10.8 cm)",Committee on Architecture and Design Funds,204.2019.3a-b,Design,Architecture & Design,2019-11-04,Y,400433,http://www.moma.org/collection/works/400433,,6.3500127,13.3350266701,,,10.79502159,,,
31265,Untitled from Artists and Writers Protest against the War in Vietnam,['Mark di Suvero'],[5743],"['American, born China. 1933']",['American'],[1933],[0],['Male'],1967,"Lithograph from a portfolio of nine screenprints (two with collage additions, one with die-cut, one with punched holes), six lithographs (one with embossing), and one etching","composition (irreg.): 20 15/16 × 25 13/16"" (53.2 × 65.5 cm); sheet: 21 1/16 × 25 13/16"" (53.5 × 65.5 cm)",John B. Turner Fund,2350.1967.6,Print,Drawings & Prints,1967-10-18,Y,32594,http://www.moma.org/collection/works/32594,http://www.moma.org/media/W1siZiIsIjIwNjI1NSJdLFsicCIsImNvbnZlcnQiLCItcmVzaXplIDMwMHgzMDBcdTAwM2UiXV0.jpg?sha=af2a13e8df548c28,53.2,65.5,,,,,,
129395,Salute to Lawrence Welk at Club 57,"['Barry Shils', 'Steve Brown']","[49481, 50155]","['American, born 1956']",['American'],"[1956, 0]","[0, 0]",['Male'],1980,Video,,Gift of Barry Shils,819141,Video,Film,2016-10-18,Y,217843,http://www.moma.org/collection/works/217843,,,,,,,,,
81426,"Beverage Can with Non-removable Pull-Tab Opener (""Stay-on Tab"")",['Daniel F. Cudzik'],[27081],"['American, born 1934']",['American'],[1934],[0],['Male'],1975,Aluminum,"5 x diam. 2 3/4"" (12.7 x 7 cm)",Gift of the manufacturer,142.2005,Design,Architecture & Design,2005-02-15,Y,90088,http://www.moma.org/collection/works/90088,,12.7,,,,6.985,,,
63252,Inside - Outside,['Grace Hartigan'],[2520],"['American, 1922–2008']",['American'],[1922],[2008],['Female'],1962,Lithograph,"composition: 17 15/16 x 13 3/4"" (45.5 x 35 cm); sheet (irreg.): 24 13/16 x 19 15/16"" (63.1 x 50.6 cm)",Gift of the Celeste and Armand Bartos Foundation,350.1962,Print,Drawings & Prints,1962-12-11,Y,67469,http://www.moma.org/collection/works/67469,http://www.moma.org/media/W1siZiIsIjE4MjE0MiJdLFsicCIsImNvbnZlcnQiLCItcmVzaXplIDMwMHgzMDBcdTAwM2UiXV0.jpg?sha=1d55fc7923e480e1,45.5,35.0,,,,,,
47275,Entertainers,['Richard Prince'],[4741],"['American, born 1949']",['American'],[1949],[0],['Male'],1982-83,Chromogenic color print,"61 1/2 × 46 1/2"" (156.2 × 118.1 cm)",Gift of Werner and Elaine Dannheisser,295.1996,Photograph,Photography,1996-06-13,Y,50130,http://www.moma.org/collection/works/50130,http://www.moma.org/media/W1siZiIsIjMwNTM4MCJdLFsicCIsImNvbnZlcnQiLCItcmVzaXplIDMwMHgzMDBcdTAwM2UiXV0.jpg?sha=ceba0b0c951a3ab4,156.2,118.1,,,,,,
92125,Untitled,['Ralph Humphrey'],[2765],"['American, 1932–1990']",['American'],[1932],[1990],['Male'],1973,Synthetic polymer paint on paper,"25 1/2 x 25 1/2"" (64.8 x 64.8 cm)","Purchased with funds provided by Tony Ganz, and Kathy and Richard S. Fuld Jr.",1396.2007,Drawing,Drawings & Prints,2007-12-11,Y,112272,http://www.moma.org/collection/works/112272,http://www.moma.org/media/W1siZiIsIjIyNDQ0MCJdLFsicCIsImNvbnZlcnQiLCItcmVzaXplIDMwMHgzMDBcdTAwM2UiXV0.jpg?sha=c03855c4cea1b954,64.7701295403,64.7701295403,,,,,,
66413,Arched Figure,['Louise Bourgeois'],[710],"['American, born France. 1911–2010']",['American'],[1911],[2010],['Female'],1992-1993,Drypoint,"plate: 7 15/16 x 14 15/16"" (20.1 x 37.9 cm); sheet: 22 1/16 x 30 5/16"" (56 x 77 cm)",,548.1993,Print,Drawings & Prints,1993-11-17,Y,70951,http://www.moma.org/collection/works/70951,http://www.moma.org/media/W1siZiIsIjE2NDIwNyJdLFsicCIsImNvbnZlcnQiLCItcmVzaXplIDMwMHgzMDBcdTAwM2UiXV0.jpg?sha=6e0c984a4e8d8929,20.1,37.9,,,,,,
117962,"Mirror Performance, New York","['Yayoi Kusama', 'Harry Shunk', 'János Kender']","[3315, 8247, 38024]","['Japanese, born 1929', 'German, 1924–2006', 'Hungarian, 1937–2009']","['Japanese', 'French', 'Hungarian']","[1929, 1924, 1937]","[0, 2006, 2009]","['Female', 'Male', 'Male']",1968,Gelatin silver print,"8 11/16 × 7 11/16"" (22 × 19.5 cm)",Gift of the Roy Lichtenstein Foundation in memory of Harry Shunk and János Kender,1016.2013.31,Photograph,Photography,2013-10-24,Y,177047,http://www.moma.org/collection/works/177047,http://www.moma.org/media/W1siZiIsIjI5NTc2NyJdLFsicCIsImNvbnZlcnQiLCItcmVzaXplIDMwMHgzMDBcdTAwM2UiXV0.jpg?sha=d720239871e64ee5,22.0,19.5,,,,,,
67173,The Razorback Bunch (Etching I),['Robert Rauschenberg'],[4823],"['American, 1925–2008']",['American'],[1925],[2008],['Male'],1980,Etching,"composition (3 plates, irreg.): 28 3/4 x 22 13/16"" (73 x 57.9 cm); sheet (irreg.): 29 3/4 x 22 3/4"" (75.6 x 57.8 cm)",Gift of Celeste Bartos,607.1980,Print,Drawings & Prints,1980-10-28,Y,71768,http://www.moma.org/collection/works/71768,http://www.moma.org/media/W1siZiIsIjEyMzkzOSJdLFsicCIsImNvbnZlcnQiLCItcmVzaXplIDMwMHgzMDBcdTAwM2UiXV0.jpg?sha=81a4673a92c04503,73.0,57.9,,,,,,
121883,Order of Service: The Exquisite Corpse Will Drink the Young Wine,['Fiona Banner'],[8033],"['British, born 1966']",['British'],[1966],[0],['Female'],2012,Digital print,"sheet: 8 1/4 x 5 13/16"" (21 x 14.8 cm)",Anonymous gift,556.2014.67,Print,Drawings & Prints,2014-10-02,Y,188909,http://www.moma.org/collection/works/188909,http://www.moma.org/media/W1siZiIsIjM1MTA3NCJdLFsicCIsImNvbnZlcnQiLCItcmVzaXplIDMwMHgzMDBcdTAwM2UiXV0.jpg?sha=d82b82bdab90d062,21.0,14.8,,,,,,
121312,"Palumbo Public Ice Fuel, New York",['Walker Evans'],[1777],"['American, 1903–1975']",['American'],[1903],[1975],['Male'],c. 1934,"Gelatin silver print, printed by James Dow","7 9/16 × 9 9/16"" (19.2 × 24.3 cm)",Purchase,365.2015,Photograph,Photography,2015-05-28,Y,187297,http://www.moma.org/collection/works/187297,http://www.moma.org/media/W1siZiIsIjMyNDIxOSJdLFsicCIsImNvbnZlcnQiLCItcmVzaXplIDMwMHgzMDBcdTAwM2UiXV0.jpg?sha=0f536b34c74936f6,19.2,24.3,,,,,,
125854,Untitled from Letters,['Micha Ullman'],[49125],"['Israeli, born 1939']",['Israeli'],[1939],[0],['Male'],1992,One from a bound album of ten etchings,"plate: 6 1/8 × 7 11/16"" (15.6 × 19.6 cm); page: 10 13/16 × 10 5/8"" (27.4 × 27 cm)",Gift of Jacob and Yael Samuel,1735.2015.1,Print,Drawings & Prints,2015-10-27,Y,200205,http://www.moma.org/collection/works/200205,http://www.moma.org/media/W1siZiIsIjM0MzUzMSJdLFsicCIsImNvbnZlcnQiLCItcmVzaXplIDMwMHgzMDBcdTAwM2UiXV0.jpg?sha=14bc0ce795ab8aad,15.6,19.6,,,,,,
131711,The Navarasa Suite from the series Bombay Photo Studio,['Pushpamala N'],[69972],"['Indian, born 1956']",['Indian'],[1956],[0],['Female'],2003,Gelatin silver print,"25 7/8 × 19 15/16"" (65.7 × 50.6 cm)
",John Szarkowski Fund,28.2018.2,Photograph,Photography,2018-01-24,Y,275247,http://www.moma.org/collection/works/275247,http://www.moma.org/media/W1siZiIsIjQyMzIxOCJdLFsicCIsImNvbnZlcnQiLCItcmVzaXplIDMwMHgzMDBcdTAwM2UiXV0.jpg?sha=eb4734c05f2d31c7,65.7226314453,50.6413512827,,,,,,
91355,Sugar Interface for the XO Laptop,"['Pentagram', 'Lisa Strausfeld', 'Christian Marc Schmidt', 'Takaaki Okada', 'Walter Bender', 'Eben Eliason', 'One Laptop per Child', 'Marco Pesenti Gritti', 'Christopher Blizzard', 'Red Hat', 'Inc.']","[8434, 33143, 33145, 33146, 33148, 33147, 33149, 33150, 33370, 33152]","['UK and USA, est. 1972', 'American, born 1964', 'German, born 1977', 'Japanese, born 1978', 'American, born 1956', 'American, born 1982', 'USA, est. 2005', 'Italian, born 1978', 'American, born 1973', 'USA, est. 1993']","['American', 'American', 'German', 'Japanese', 'American', 'American', 'American', 'Italian', 'American', 'American']","[1972, 1964, 1977, 1978, 1956, 1982, 2005, 1978, 1973, 1993]","[0, 0, 0, 0, 0, 0, 0, 0, 0, 0]","['', 'Female', 'Male', 'Male', 'Male', 'Male', '', 'Male']",2006-2007,"Design: Illustrator, Photoshop, Flash, Inkscape, and GIMP (GNU Image Manipulation Program) software; implementation: Python, GTK+ (GIMP Toolkit), and Cairo software",,Gift of the designers,473.2008,Design,Architecture & Design,2008-05-22,Y,110267,http://www.moma.org/collection/works/110267,http://www.moma.org/media/W1siZiIsIjI2MjA5NiJdLFsicCIsImNvbnZlcnQiLCItcmVzaXplIDMwMHgzMDBcdTAwM2UiXV0.jpg?sha=869185e4ada6fad0,,,,,,,,
51330,Providence,['Harry Callahan'],[924],"['American, 1912–1999']",['American'],[1912],[1999],['Male'],1984,Dye transfer print,"9 9/16 × 14 7/16"" (24.3 × 36.7 cm)","Gift of The Foundation-To-Life, Inc., in memory of Eugene M. Schwartz",492.1996,Photograph,Photography,1996-10-08,Y,54323,http://www.moma.org/collection/works/54323,http://www.moma.org/media/W1siZiIsIjE5ODIyMSJdLFsicCIsImNvbnZlcnQiLCItcmVzaXplIDMwMHgzMDBcdTAwM2UiXV0.jpg?sha=da4e15e788b533fe,24.3,36.7,,,,,,
92942,Untitled,['Louise Bourgeois'],[710],"['American, born France. 1911–2010']",['American'],[1911],[2010],['Female'],c. 2005,Cut-out plate,"plate: 9 5/8 x 13 3/16"" (24.4 x 33.5 cm); sheet: 10 13/16 x 16 5/8"" (27.5 x 42.3 cm)",Gift of the artist,1133.2008,Print,Drawings & Prints,2008-06-18,Y,116428,http://www.moma.org/collection/works/116428,http://www.moma.org/media/W1siZiIsIjI2Nzg5MiJdLFsicCIsImNvbnZlcnQiLCItcmVzaXplIDMwMHgzMDBcdTAwM2UiXV0.jpg?sha=8f0c026c419df51e,24.4,33.5,,,,,,
110404,U you are a tiger from circus alphabet,['Corita Kent (Sister Mary Corita)'],[41140],"['American, 1918–1986']",['American'],[1918],[1986],['Female'],1968,One from a series of twenty-six screenprints,"composition: 22 7/16 × 22 5/8"" (57 × 57.5 cm); sheet: 23 1/16 × 23 1/16"" (58.6 × 58.6 cm)",Gift of Zach Feuer and Alison Fox,1154.2011.21,Print,Drawings & Prints,2012-02-07,Y,157588,http://www.moma.org/collection/works/157588,http://www.moma.org/media/W1siZiIsIjQ1NzE3NiJdLFsicCIsImNvbnZlcnQiLCItcmVzaXplIDMwMHgzMDBcdTAwM2UiXV0.jpg?sha=b8cf0a81e69c5499,57.0,57.5,,,,,,
2478,Lounge Chair and Ottoman,"['Charles Eames', 'Ray Eames']","[1671, 1672]","['American, 1907–1978', 'American, 1912–1988']","['American', 'American']","[1907, 1912]","[1978, 1988]","['Male', 'Female']",1956,"Molded rosewood, plywood, leather, cast aluminum, rubber shock mounts, and stainless steel glides",".a (chair): 33 x 33 3/4 x 33"" (83.8 x 85.7 x 83.8 cm) 
.b (ottoman): 16 x 26 x 21"" (40.6 x 66 x 53.3 cm)",Gift of the manufacturer,336.1960.a-b,Design,Architecture & Design,1960-11-16,Y,3325,http://www.moma.org/collection/works/3325,http://www.moma.org/media/W1siZiIsIjIyOTMwOCJdLFsicCIsImNvbnZlcnQiLCItcmVzaXplIDMwMHgzMDBcdTAwM2UiXV0.jpg?sha=b82c2d3901bdb2eb,83.8,85.7,83.8,,,,,
31829,Sheet of Studies,['Pablo Picasso'],[4609],"['Spanish, 1881–1973']",['Spanish'],[1881],[1973],['Male'],(1908),Ink on paper,"12 5/8 x 19 1/2"" (32.0 x 49.4 cm)",A. Conger Goodyear Fund,22.1968,Drawing,Drawings & Prints,1968-02-05,Y,33305,http://www.moma.org/collection/works/33305,http://www.moma.org/media/W1siZiIsIjE4NjQ3OSJdLFsicCIsImNvbnZlcnQiLCItcmVzaXplIDMwMHgzMDBcdTAwM2UiXV0.jpg?sha=e9d169c7f3c50a9e,,,,,,,,
32185,Cliffs and Sea,['Lyonel Feininger'],[1832],"['American, 1871–1956']",['American'],[1871],[1956],['Male'],1928,Pencil on paper,"5 1/2 x 8 3/4"" (14 x 22 cm)",Gift of Julia Feininger,82.1963,Drawing,Drawings & Prints,1963-02-13,Y,33720,http://www.moma.org/collection/works/33720,http://www.moma.org/media/W1siZiIsIjExNDcyMCJdLFsicCIsImNvbnZlcnQiLCItcmVzaXplIDMwMHgzMDBcdTAwM2UiXV0.jpg?sha=18195aa45059def0,14.0,22.2,,,,,,
74657,Achrome,['Piero Manzoni'],[3741],"['Italian, 1933–1963']",['Italian'],[1933],[1963],['Male'],c. 1960,Kaolin on canvas,"7 1/8 x 9 5/8"" (18.1 x 24.3 cm)",The Riklis Collection of McCrory Corporation,1044.1983,Painting,Painting & Sculpture,1985-10-25,Y,80507,http://www.moma.org/collection/works/80507,http://www.moma.org/media/W1siZiIsIjE1MDk0OSJdLFsicCIsImNvbnZlcnQiLCItcmVzaXplIDMwMHgzMDBcdTAwM2UiXV0.jpg?sha=86e362eb4f92e337,18.1,24.3,,,,,,
91093,Untitled,['Sol LeWitt'],[3528],"['American, 1928–2007']",['American'],[1928],[2007],['Male'],1971,Torn paper,"overall (approx).: 12 7/8 x 10"" (32.7 x 25.4 cm)",Art & Project/Depot VBVR Gift,532.2007.a-g,Drawing,Drawings & Prints,2007-10-09,Y,109618,http://www.moma.org/collection/works/109618,http://www.moma.org/media/W1siZiIsIjE2Nzc5NCJdLFsicCIsImNvbnZlcnQiLCItcmVzaXplIDMwMHgzMDBcdTAwM2UiXV0.jpg?sha=1dd7dcd59ddc9e5a,32.7,25.4,0.0,,,,,
96815,"13 Ways to Use Emmett Williams' Skull, performed during Internationaal Programma/Nieuwste Muziek-Nieuwste Theater/Nieuwste Literatuur, De Kleine Komedie, Amsterdam, December 18, 1963",['Robert Filliou'],[1873],"['French, 1926–1987']",['French'],[1926],[1987],['Male'],1963,Gelatin silver print,"image and sheet: 9 5/16 x 6 7/8"" (23.7 x 17.5 cm)",The Gilbert and Lila Silverman Fluxus Collection Gift,2145.2008,Photograph,Drawings & Prints,2008-10-08,Y,127360,http://www.moma.org/collection/works/127360,http://www.moma.org/media/W1siZiIsIjI0NDA2MCJdLFsicCIsImNvbnZlcnQiLCItcmVzaXplIDMwMHgzMDBcdTAwM2UiXV0.jpg?sha=a9e006ffc4306c10,23.7,17.5,,,,,,
5141,"Kult und Form, Ausstellung am Adolf-Mittag-See",['Walter Dexel'],[1520],"['German, 1890–1973']",['German'],[1890],[1973],['Male'],1929,Photolithograph,"33 1/4 x 23 1/2"" (84.5 x 59.7 cm)","Purchase Fund, Jan Tschichold Collection",310.1937,Design,Architecture & Design,1937-10-30,Y,6185,http://www.moma.org/collection/works/6185,http://www.moma.org/media/W1siZiIsIjQ4ODMiXSxbInAiLCJjb252ZXJ0IiwiLXJlc2l6ZSAzMDB4MzAwXHUwMDNlIl1d.jpg?sha=3c8990c5317ab90e,84.5,59.7,,,,,,
93650,I Have Already from The Hundred Videos,['Steve Reinke'],[34915],"['Canadian, born 1963']",['Canadian'],[1963],[0],['Male'],1996,"Video (color, sound)",0:15 min.,Gift of the artist,1342.1999.35,Video,Media and Performance,1999-03-15,Y,118429,http://www.moma.org/collection/works/118429,http://www.moma.org/media/W1siZiIsIjI1MjY3MyJdLFsicCIsImNvbnZlcnQiLCItcmVzaXplIDMwMHgzMDBcdTAwM2UiXV0.jpg?sha=559fb671fbad697b,,,,,,,,15.0
75493,Acrotere,['Gabriel Kohn'],[3192],"['American, 1910–1975']",['American'],[1910],[1975],['Male'],1960,Laminated wood,"35 1/4 x 31 x 22 1/4"" (90.3 x 80.7 x 56.4 cm)",Given anonymously (by exchange),559.1963,Sculpture,Painting & Sculpture,1963-11-12,Y,81592,http://www.moma.org/collection/works/81592,http://www.moma.org/media/W1siZiIsIjE0OTgzNCJdLFsicCIsImNvbnZlcnQiLCItcmVzaXplIDMwMHgzMDBcdTAwM2UiXV0.jpg?sha=2de4f636e21c526b,89.5,78.7,56.5,,,,,
73827,Image with Green Moon,['Herbert Bayer'],[399],"['American, born Austria. 1900–1985']",['American'],[1900],[1985],['Male'],1961,Synthetic polymer paint on canvas,"16 1/4 x 16 1/4"" (41 x 41 cm)",Given anonymously,267.1963,Painting,Painting & Sculpture,1963-05-07,Y,79336,http://www.moma.org/collection/works/79336,http://www.moma.org/media/W1siZiIsIjE3MTE1MiJdLFsicCIsImNvbnZlcnQiLCItcmVzaXplIDMwMHgzMDBcdTAwM2UiXV0.jpg?sha=9f24b721615def9d,41.0,41.0,,,,,,
1512,Cocktail Shaker,"['Lalance & Grosjean Mfg. Co.', 'Woodhaven', 'NY']",[9724],[],['American'],[0],[0],[],Before 1948,Stainless steel,"7 x 3 7/8"" (17.8 x 9.8 cm)",Gift of the manufacturer,123.1948,Design,Architecture & Design,1948-03-17,Y,2217,http://www.moma.org/collection/works/2217,http://www.moma.org/media/W1siZiIsIjIxNTgiXSxbInAiLCJjb252ZXJ0IiwiLXJlc2l6ZSAzMDB4MzAwXHUwMDNlIl1d.jpg?sha=56ea90fb1d272a43,17.8,,,,9.8,,,
124524,Ejakulate on Top from Book Drafts,['Rosemarie Trockel'],[5933],"['German, born 1952']",['German'],[1952],[0],['Female'],1984,"Ink and typewriting on lined paper, with stitched binding","5 × 5 3/4"" (12.7 × 14.6 cm)",Anonymous gift,699.2015.7,Drawing,Drawings & Prints,2015-06-03,Y,196324,http://www.moma.org/collection/works/196324,http://www.moma.org/media/W1siZiIsIjMzNjI3NSJdLFsicCIsImNvbnZlcnQiLCItcmVzaXplIDMwMHgzMDBcdTAwM2UiXV0.jpg?sha=6d16323384b612f6,12.7000254001,14.6050292101,,,,,,
1530,BA Side Chair,['Ernest Race'],[4782],"['British, 1913–1964']",['British'],[1913],[1964],['Male'],1945,"Enameled cast aluminum, plywood, and cotton","30 1/2 x 17 1/2 x 19 1/4"" (77.5 x 44.5 x 48.9 cm)",Gift of Waldron Associates,127.1952,Design,Architecture & Design,1952-05-20,Y,2238,http://www.moma.org/collection/works/2238,http://www.moma.org/media/W1siZiIsIjIyODAzNCJdLFsicCIsImNvbnZlcnQiLCItcmVzaXplIDMwMHgzMDBcdTAwM2UiXV0.jpg?sha=e90bf2d7db7dfb12,77.4701549403,44.4500889002,48.8950977902,,,,,
85130,Untitled,"['Moriceau + Mrzyk', 'Jean-Francois Moriceau', 'Petra Mrzyk']","[30072, 28726, 30071]","['French, born 1974', 'German, born 1973']","['', 'French', 'German']","[0, 1974, 1973]","[0, 0, 0]",[],(2002-03),Ink on paper,"11 x 8 1/2"" (27.9 x 21.6 cm)",The Judith Rothschild Foundation Contemporary Drawings Collection Gift,2451.2005,Drawing,Drawings & Prints,2005-05-10,Y,96729,http://www.moma.org/collection/works/96729,,27.9401,21.59,,,,,,
7239,"103,Cooper Union Exhibition, School of Art and Architecture",['Roy Grace'],[2275],"['American, born 1936']",['American'],[1936],[0],['Male'],1962,Photo offset lithograph,"21 3/8 x 16 1/2"" (54.5 x 42.3 cm)",Anonymous gift,872.1979,Design,Architecture & Design,1979-05-30,Y,8300,http://www.moma.org/collection/works/8300,http://www.moma.org/media/W1siZiIsIjEwNTk3Il0sWyJwIiwiY29udmVydCIsIi1yZXNpemUgMzAweDMwMFx1MDAzZSJdXQ.jpg?sha=a8c29c28d208bbec,54.5,42.3,,,,,,
60209,Caen from Romanesque Series,['Ellsworth Kelly'],[3048],"['American, 1923–2015']",['American'],[1923],[2015],['Male'],"1973–76, published 1976",Lithograph with embossing from a series of twenty-four lithographs with embossing (twelve with intaglio),"composition: 29 x 21 15/16"" (73.7 x 55.8 cm); sheet: 40 15/16 x 34"" (104 x 86.4 cm)",Gift of Mr. and Mrs. John G. Powers,190.1977.7,Print,Drawings & Prints,1977-05-03,Y,64090,http://www.moma.org/collection/works/64090,http://www.moma.org/media/W1siZiIsIjMxMTMwOSJdLFsicCIsImNvbnZlcnQiLCItcmVzaXplIDMwMHgzMDBcdTAwM2UiXV0.jpg?sha=7bac847a678858af,73.7,55.8,,,,,,
129215,"Untitled, Subway, New York",['Bruce Davidson'],[1398],"['American, born 1933']",['American'],[1933],[0],['Male'],1980,"Forty six dye transfer prints, printed 2006","14 11/16 × 22 1/4"" (37.3 × 56.5 cm)
",Gift of Susan Steinhauser and Dan Greenberg,1355.2016.1-46,Photograph,Photography,2017-02-02,Y,216851,http://www.moma.org/collection/works/216851,http://www.moma.org/media/W1siZiIsIjM5Mjg0NiJdLFsicCIsImNvbnZlcnQiLCItcmVzaXplIDMwMHgzMDBcdTAwM2UiXV0.jpg?sha=a689cb297d0df48e,37.3063246126,56.5151130302,,,,,,
3726,Crinkle Tea Cup and Saucer (model CR-102),['Makoto Komatsu'],[3207],"['Japanese, born 1943']",['Japanese'],[1943],[0],['Male'],1974,Bone china,".a (cup): h. 2 7/16"" (6.2 cm), diam. 3 1/16"" (7.8 cm)
.b (saucer): h. 3/4"" (1.9 cm), diam. 5 11/16"" (14.5 cm)",Gift of the manufacturer,1304.2001.a-b,Design,Architecture & Design,2001-04-30,Y,4667,http://www.moma.org/collection/works/4667,,6.1913,,,,7.7788,,,
128224,Untitled (lights reflected in water),['Naomi Savage'],[5183],"['American, 1927–2005']",['American'],[1927],[2005],['Female'],c. 1950,Gelatin silver print,"8 × 10"" (20.3 × 25.4 cm)",Committee on Photography Fund,489.2017,Photograph,Photography,2017-05-18,Y,206285,http://www.moma.org/collection/works/206285,http://www.moma.org/media/W1siZiIsIjM3OTYyMSJdLFsicCIsImNvbnZlcnQiLCItcmVzaXplIDMwMHgzMDBcdTAwM2UiXV0.jpg?sha=333f228b8430ea88,20.3200406401,25.4000508001,,,,,,
81928,Butterfly Stool,['Sori Yanagi'],[6490],"['Japanese, 1915–2011']",['Japanese'],[1915],[2011],['Male'],1956,Molded plywood and metal,"15 1/2 x 17 3/8 x 12 1/8"" (39.4 x 44.1 x 30.8 cm)",Gift of the designer,153.1958.1,Design,Architecture & Design,1958-12-04,Y,91749,http://www.moma.org/collection/works/91749,http://www.moma.org/media/W1siZiIsIjU5NTQ4Il0sWyJwIiwiY29udmVydCIsIi1yZXNpemUgMzAweDMwMFx1MDAzZSJdXQ.jpg?sha=ff174f396faccab2,39.3701,44.1326,30.7976,,,,,
58632,Recha,['Oskar Kokoschka'],[3197],"['Austrian, 1886–1980']",['Austrian'],[1886],[1980],['Male'],(1921),Lithograph,"Composition: 21 7/16 x 16 15/16"" (54.4 x 43.1 cm); sheet: 36 13/16 x 24 7/8"" (93.5 x 63.2 cm)",Purchase,130.1945,Print,Drawings & Prints,1945-03-07,Y,62413,http://www.moma.org/collection/works/62413,http://www.moma.org/media/W1siZiIsIjE2OTA0NyJdLFsicCIsImNvbnZlcnQiLCItcmVzaXplIDMwMHgzMDBcdTAwM2UiXV0.jpg?sha=823e6cb8130db06d,54.4,43.1,,,,,,
42069,"Almstadtstrasse 43, Berlin (1930)",['Shimon Attie'],[7648],"['American, born 1957']",['American'],[1957],[0],['Male'],1991,Chromogenic color print,"17 15/16 × 22 3/16"" (45.6 × 56.4 cm)",The Family of Man Fund,45.1993.x1-x2,Photograph,Photography,1993-03-11,Y,44686,http://www.moma.org/collection/works/44686,http://www.moma.org/media/W1siZiIsIjIzOTUwMSJdLFsicCIsImNvbnZlcnQiLCItcmVzaXplIDMwMHgzMDBcdTAwM2UiXV0.jpg?sha=cec1907a8661ebb7,45.6,56.4,,,,,,
112653,Dognat' i peregnat' v tekhniko-ekonomicheskom otnoshenii peredovye kapitalisticheskie strany v 10 let. 70 kartinnye diagrammna otkrytkakh (To Catch up with and Surpass the Leading Capitalist Countries in Technical and Economic Affairs in 10 Years. 70 Pictorial Diagrams on Postcards),['Unknown Artists'],[23308],[],[],[0],[0],[],1931,"Postcard from a portfolio of 70 postcards and one booklet, letterpress printed","sheet: 5 7/8 x 4 1/8"" (15 x 10.5 cm)",Gift of The Judith Rothschild Foundation,424.2001.17,Illustrated Book,Drawings & Prints,2001-01-24,Y,164380,http://www.moma.org/collection/works/164380,http://www.moma.org/media/W1siZiIsIjI1NTQwMSJdLFsicCIsImNvbnZlcnQiLCItcmVzaXplIDMwMHgzMDBcdTAwM2UiXV0.jpg?sha=f62873d3778c80d7,15.0,10.5,,,,,,
47835,Picasso Sculpture (matchbox),['Brassaï (Gyula Halász)'],[745],"['French, born Transylvania. 1899–1984']",['French'],[1899],[1984],['Male'],1943,Gelatin silver print,"9 7/16 × 11 3/8"" (24 × 28.9 cm)",Purchase,321.1968,Photograph,Photography,1968-01-10,Y,50707,http://www.moma.org/collection/works/50707,http://www.moma.org/media/W1siZiIsIjE4NjcyNCJdLFsicCIsImNvbnZlcnQiLCItcmVzaXplIDMwMHgzMDBcdTAwM2UiXV0.jpg?sha=18a33cda57471c7b,24.0,28.9,,,,,,
114215,PKZ,['Herbert Matter'],[3843],"['American, born Switzerland. 1907–1984']",['American'],[1907],[1984],['Male'],1928,Lithograph,"50 x 35"" (127 x 88.9 cm)",Gift of Don Goeman,697.2013,Design,Architecture & Design,2013-06-03,Y,167938,http://www.moma.org/collection/works/167938,http://www.moma.org/media/W1siZiIsIjI3OTA1MCJdLFsicCIsImNvbnZlcnQiLCItcmVzaXplIDMwMHgzMDBcdTAwM2UiXV0.jpg?sha=a4bec4eebbd939b5,127.0002540005,88.9001778004,,,,,,
88726,Upholstery fabric,['Astrid Sampe'],[7346],"['Swedish, 1909–2002']",['Swedish'],[1909],[2002],['Female'],1951-1954,"Cotton, fiberglass, and wool","36 1/2 x 28"" (92.7 x 71.1 cm)",Given anonymously,502.1975,Design,Architecture & Design,,Y,104751,http://www.moma.org/collection/works/104751,http://www.moma.org/media/W1siZiIsIjIwMDc5OCJdLFsicCIsImNvbnZlcnQiLCItcmVzaXplIDMwMHgzMDBcdTAwM2UiXV0.jpg?sha=fbb62b2a991c4564,92.7102,71.1201,,,,,,
68608,Annie,['Edward Ruscha'],[5086],"['American, born 1937']",['American'],[1937],[0],['Male'],1969,Lithograph,"composition: 17 1/8 x 24"" (43.5 x 61cm); sheet: 17 1/8 x 24"" (43.5 x 61cm)","Gift of Kleiner, Bell & Co.",708.1969,Print,Drawings & Prints,1974-01-10,Y,73367,http://www.moma.org/collection/works/73367,http://www.moma.org/media/W1siZiIsIjIyMTUyMSJdLFsicCIsImNvbnZlcnQiLCItcmVzaXplIDMwMHgzMDBcdTAwM2UiXV0.jpg?sha=4fb71fc3bb8079a4,43.5,61.0,,,,,,
138874,In-text plates (page 29) from Manifeste Mystique (Mystic Manifesto),['Salvador Dalí'],[1364],"['Spanish, 1904–1989']",['Spanish'],[1904],[1989],['Male'],1951,One from an illustrated book with twenty letterpress plates and a supplementary suite of ten etchings,"composition (irreg.): 1 1/8 × 3 7/8"" (2.9 × 9.9 cm); composition (irreg.): 2 3/8 × 2 7/16"" (6 × 6.2 cm); page (each): 14 15/16 × 11 1/8"" (38 × 28.2 cm)",The Louis E. Stern Collection,772.1964.A18,Illustrated Book,Drawings & Prints,1964-10-06,Y,407840,http://www.moma.org/collection/works/407840,,2.9,9.9,,,,,,
60730,"Surface is the Between, Between Vertical and Horizon - Descended Blue No. 3",['Shoichi Ida'],[2795],"['Japanese, 1941–2006']",['Japanese'],[1941],[2006],['Male'],"1982, published 1983","One from a portfolio of five etching, aquatint, and drypoints with chine collé","plate: 17 11/16 x 15 5/8"" (44.9 x 39.7 cm); sheet: 29 15/16 x 22 5/8"" (76 x 57.5 cm)",Gift of Yoh Art Gallery,223.1983.3,Print,Drawings & Prints,1983-01-18,Y,64695,http://www.moma.org/collection/works/64695,http://www.moma.org/media/W1siZiIsIjI1MzcwNSJdLFsicCIsImNvbnZlcnQiLCItcmVzaXplIDMwMHgzMDBcdTAwM2UiXV0.jpg?sha=27a8a75cfb97af1a,44.9,39.7,,,,,,
28398,In-text plate (page 79) from Le Chant des morts,['Pablo Picasso'],[4609],"['Spanish, 1881–1973']",['Spanish'],[1881],[1973],['Male'],"1945–48, published 1948",Lithograph from an illustrated book with 123 lithographs,"composition (irreg.): 15 7/16 x 11 5/8"" (39.2 x 29.5 cm); page: 16 9/16 x 12 5/8"" (42 x 32 cm)",The Louis E. Stern Collection,990.1964.79,Illustrated Book,Drawings & Prints,1964-10-06,Y,29688,http://www.moma.org/collection/works/29688,http://www.moma.org/media/W1siZiIsIjE3NDE4OSJdLFsicCIsImNvbnZlcnQiLCItcmVzaXplIDMwMHgzMDBcdTAwM2UiXV0.jpg?sha=487bbcf992bc5468,39.2,29.5,,,,,,
61012,Entscheidend Feindbild (Decisive Enemy) from Erste Konzentration I (First Concentration I),['Jörg Immendorff'],[2807],"['German, 1945–2007']",['German'],[1945],[2007],['Male'],1982,Linoleum cut from a portfolio by various artists,"composition and sheet: 39 1/16 x 30 15/16"" (99.2 x 78.6 cm)",International Print Fund,239.1982,Print,Drawings & Prints,1982-10-26,Y,65002,http://www.moma.org/collection/works/65002,http://www.moma.org/media/W1siZiIsIjcyODgwIl0sWyJwIiwiY29udmVydCIsIi1yZXNpemUgMzAweDMwMFx1MDAzZSJdXQ.jpg?sha=7378997a0a222e2b,99.2,78.6,,,,,,
13073,Invitation to the All-Union Printing Trades Exhibition,['El Lissitzky'],[3569],"['Russian, 1890–1941']",['Russian'],[1890],[1941],['Male'],1927,Letterpress,"sheet (folded): 4 3/8 × 5 3/8"" (11.1 × 13.7 cm)",Gift of The Judith Rothschild Foundation,247.2001,Illustrated Book,Drawings & Prints,2001-01-24,Y,14223,http://www.moma.org/collection/works/14223,http://www.moma.org/media/W1siZiIsIjI2MjkyMCJdLFsicCIsImNvbnZlcnQiLCItcmVzaXplIDMwMHgzMDBcdTAwM2UiXV0.jpg?sha=e537e9a3a6ca3f4e,11.1,13.7,,,,,,
63064,"Brunidor Portfolio, No. 1","['Max Ernst', 'Stanley William Hayter', 'Wifredo Lam', 'Roberto Matta', 'Joan Miró', 'Kurt Seligmann', 'Yves Tanguy', 'Various Artists']","[1752, 2558, 3349, 3842, 4016, 5337, 5804, 24409]","['French and American, born Germany. 1891–1976', 'British, 1901–1988', 'Cuban, 1902–1982', 'Chilean, 1911–2002', 'Spanish, 1893–1983', 'American, born Switzerland. 1900–1962', 'American, born France. 1900–1955']","['French', 'British', 'Cuban', 'Chilean', 'Spanish', 'American', 'American']","[1891, 1901, 1902, 1911, 1893, 1900, 1900, 0]","[1976, 1988, 1982, 2002, 1983, 1962, 1955, 0]","['Male', 'Male', 'Male', 'Male', 'Male', 'Male', 'Male']",1947,Portfolio of five etchings (one with engraving) and two lithographs,"composition (see child records): dimensions vary; sheet (each approx.): 16 9/16 × 13"" (42 × 33 cm)",Purchase Fund,342.1947.1-7,Print,Drawings & Prints,1947-12-19,Y,67273,http://www.moma.org/collection/works/67273,http://www.moma.org/media/W1siZiIsIjI1NzUyOCJdLFsicCIsImNvbnZlcnQiLCItcmVzaXplIDMwMHgzMDBcdTAwM2UiXV0.jpg?sha=d2b1f0a8ee7f4740,43.1800863602,37.4650749301,0.0,,,,,
118159,"Side Facade of the Ministry of Education and Health, Rio de Janerio",['Thomaz Farkas'],[1804],"['Brazilian, born Hungary. 1924–2011']",['Brazilian'],[1924],[2011],['Male'],c. 1945,Gelatin silver print,"12 13/16 × 11 3/4"" (32.6 × 29.9 cm)",Gift of the artist,111.2014,Photograph,Photography,,Y,177889,http://www.moma.org/collection/works/177889,http://www.moma.org/media/W1siZiIsIjI5MjA3MSJdLFsicCIsImNvbnZlcnQiLCItcmVzaXplIDMwMHgzMDBcdTAwM2UiXV0.jpg?sha=b3fee8643a2b6246,32.6,29.9,,,,,,
35707,"All Two Part Combinations of Arcs from Four Corners and Four Sides, Straight, Not-Straight and Broken Lines",['Sol LeWitt'],[3528],"['American, 1928–2007']",['American'],[1928],[2007],['Male'],"April 5, 1975",Ink and pencil on paper,"23 x 28 1/2"" (58.3 x 72.4 cm)",Gift of Pierre Apraxine in honor of Kynaston McShine,803.1996,Drawing,Drawings & Prints,1996-11-18,Y,38094,http://www.moma.org/collection/works/38094,http://www.moma.org/media/W1siZiIsIjQ3OTMxNSJdLFsicCIsImNvbnZlcnQiLCItcmVzaXplIDMwMHgzMDBcdTAwM2UiXV0.jpg?sha=17fbb88083198422,58.4,72.4,,,,,,
125273,"Pinball House, Los Angeles, CA (Plan)",['Eric Owen Moss'],[49093],"['American, born 1943']",['American'],[1943],[0],['Male'],1980,Mylar print,"11 × 16 1/2"" (27.9 × 41.9 cm)",Gift of Andrea Woodner and Committee on Architecture and Design Funds,107.2016,Architecture,Architecture & Design,2016-02-22,Y,199147,http://www.moma.org/collection/works/199147,,27.9400558801,41.9100838202,,,,,,
66057,Head (Tête),['Pierre Alechinsky'],[107],"['Belgian, born 1927']",['Belgian'],[1927],[0],['Male'],1951,Etching and aquatint,"plate  6 5/16 x 4 5/16"" (16 x 10.9 cm)
sheet  12 3/4 x 9 13/16"" (32 x 24.9 cm)",Gift of the artist,526.1978,Print,Drawings & Prints,1978-10-17,Y,70564,http://www.moma.org/collection/works/70564,http://www.moma.org/media/W1siZiIsIjE2MTg2OCJdLFsicCIsImNvbnZlcnQiLCItcmVzaXplIDMwMHgzMDBcdTAwM2UiXV0.jpg?sha=0261dec6f2d9f175,16.0,10.9,,,,,,
94371,Male from Male and Female,['Louise Bourgeois'],[710],"['American, born France. 1911–2010']",['American'],[1911],[2010],['Female'],c. 2003,"Drypoint, with selective wiping, and hand additions","plate: 13 15/16 x 10"" (35.2 x 25.2 cm); sheet: 18 1/2 x 14"" (47 x 35.6 cm)",Gift of the artist,1518.2008,Print,Drawings & Prints,2008-10-08,Y,119587,http://www.moma.org/collection/works/119587,http://www.moma.org/media/W1siZiIsIjE2MTYyOSJdLFsicCIsImNvbnZlcnQiLCItcmVzaXplIDMwMHgzMDBcdTAwM2UiXV0.jpg?sha=c9ec5a55142238f4,35.2,25.2,,,,,,
67762,Jean,['George Bellows'],[455],"['American, 1882–1925']",['American'],[1882],[1925],['Male'],1923,Lithograph,"composition: 9 5/16 x 7"" (23.7 x 17.8cm); sheet: 14 1/2 x 12 9/16"" (36.8 x 31.9cm)",Gift of Abby Aldrich Rockefeller,643.1940,Print,Drawings & Prints,1940-04-05,Y,72427,http://www.moma.org/collection/works/72427,http://www.moma.org/media/W1siZiIsIjE5NTg5MiJdLFsicCIsImNvbnZlcnQiLCItcmVzaXplIDMwMHgzMDBcdTAwM2UiXV0.jpg?sha=0e2655342b28427d,23.7,17.8,,,,,,
4129,Eyes Cannot Be Replaced,['George Morris'],[4102],"['British, active 1940s']",['British'],[0],[0],['Male'],Before 1945,Lithograph,"29 5/8 x 19 3/8""","Gift of the Royal Society for the Prevention of Accidents, England",119.1945,Design,Architecture & Design,1945-01-03,Y,5135,http://www.moma.org/collection/works/5135,http://www.moma.org/media/W1siZiIsIjIwOTkiXSxbInAiLCJjb252ZXJ0IiwiLXJlc2l6ZSAzMDB4MzAwXHUwMDNlIl1d.jpg?sha=dcdc4cf5d8a774b6,75.2,49.2,,,,,,
87271,Untitled from 400 Series,['Dasha Shishkin'],[28902],"['American, born Russia. 1977']",['American'],[1977],[0],['Female'],2001–02,One from a portfolio of nine etchings,"composition and sheet: 18 x 24"" (45.7 x 61 cm)",Fund for the Twenty-First Century,589.2005.7,Print,Drawings & Prints,2005-06-02,Y,100982,http://www.moma.org/collection/works/100982,http://www.moma.org/media/W1siZiIsIjI0MDkzNiJdLFsicCIsImNvbnZlcnQiLCItcmVzaXplIDMwMHgzMDBcdTAwM2UiXV0.jpg?sha=981718d0df510342,45.7201,60.9601,,,,,,
94203,"Plate 7 of 11, from the illustrated book, He Disappeared into Complete Silence, second edition",['Louise Bourgeois'],[710],"['American, born France. 1911–2010']",['American'],[1911],[2010],['Female'],1995-1999,"Engraving and drypoint over photogravure, printed in relief","plate: 7 1/2 × 5 11/16"" (19 × 14.5 cm); sheet: 14 9/16 × 10 13/16"" (37 × 27.5 cm)",Gift of the artist,1348.2008,Print,Drawings & Prints,2008-10-08,Y,119416,http://www.moma.org/collection/works/119416,http://www.moma.org/media/W1siZiIsIjE1NTUwMiJdLFsicCIsImNvbnZlcnQiLCItcmVzaXplIDMwMHgzMDBcdTAwM2UiXV0.jpg?sha=8a0d969f42b41252,19.0,14.5,,,,,,
81783,Stacking Glasses,['Saara Hopea'],[2724],"['Finnish, 1925–1984']",['Finnish'],[1925],[1984],['Female'],1951,Blown glass,"3 3/8 x 2 7/8"" (8.6 x 7.3 cm)",Gift of Barbro Kulvik and Antti Siltavuori,450.1983.1,Design,Architecture & Design,1983-05-17,Y,91414,http://www.moma.org/collection/works/91414,http://www.moma.org/media/W1siZiIsIjIyOTY5MiJdLFsicCIsImNvbnZlcnQiLCItcmVzaXplIDMwMHgzMDBcdTAwM2UiXV0.jpg?sha=920443d69bf51140,8.5725,,,,7.3025,,,
126093,Untitled from 1999,['Jannis Kounellis'],[3230],"['Greek, 1936–2017']",['Greek'],[1936],[2017],['Male'],1999,"One from a portfolio of twelve etching, drypoint, and aquatints with chiné colle (one with blind embossing)
","plate: 5 5/16 × 7 5/8"" (13.5 × 19.4 cm); sheet: 13 3/4 × 15 1/8"" (35 × 38.4 cm)","Acquired through the generosity of John Baldessari, Catie and Donald Marron, and Mary M. and Sash A. Spencer",1675.2015.8,Print,Drawings & Prints,2015-10-27,Y,200587,http://www.moma.org/collection/works/200587,http://www.moma.org/media/W1siZiIsIjM0MzM5MSJdLFsicCIsImNvbnZlcnQiLCItcmVzaXplIDMwMHgzMDBcdTAwM2UiXV0.jpg?sha=1a3ded6620276a9d,13.4,19.4,,,,,,
108801,Ira Cohen,['Robert Brownjohn'],[816],"['American, 1925–1970']",['American'],[1925],[1970],['Male'],1950s,Lithograph,"10 1/2 x 7 1/4"" (26.7 x 18.4 cm)",Gift of Don Goeman,1039.2011,Design,Architecture & Design,2011-12-06,Y,152804,http://www.moma.org/collection/works/152804,http://www.moma.org/media/W1siZiIsIjIzNTIyNyJdLFsicCIsImNvbnZlcnQiLCItcmVzaXplIDMwMHgzMDBcdTAwM2UiXV0.jpg?sha=c94440e0a97fdcb5,26.6700533401,18.4150368301,,,,,,
110691,Woodcuts,['Thomas Schütte'],[5281],"['German, born 1954']",['German'],[1954],[0],['Male'],2011,Portfolio of nine woodcuts,"composition (each approx.): 89 5/8 x 59 1/4"" (227.6 x 150.5 cm); sheet (each): 99 5/8 x 63 3/4"" (253 x 162 cm)","Acquired through the generosity of Glenn Dubin, Donald B. Marron, Jerry I. Speyer, Marlene Hess, Anne Dias Griffin, Mimi Haas, Gary Winnick, Edgar Wachenheim III, and Committee on Prints and Illustrated Books Fund",743.2012.1-9,Print,Drawings & Prints,2012-05-22,Y,159934,http://www.moma.org/collection/works/159934,http://www.moma.org/media/W1siZiIsIjI1NDA1NiJdLFsicCIsImNvbnZlcnQiLCItcmVzaXplIDMwMHgzMDBcdTAwM2UiXV0.jpg?sha=8431974b8761b947,227.6,150.5,,,,,,
100371,Untitled,['Francis Alÿs'],[8383],"['Belgian, born 1959']",['Belgian'],[1959],[0],['Male'],1999-2001,"Graphite, colored pencil, and correction fluid on type-written page","Sheet: 11 x 8 1/2"" (27.9 x 21.6 cm)","Gift  of The Speyer Family Foundation, Kathy and Richard S. Fuld, Jr., Marie-Josée and Henry R. Kravis, Patricia Phelps de Cisneros, Anna Marie and Robert F. Shapiro, The Julia Stoschek Foundation, Düsseldorf, and Committee on Media Funds",207.2007.45,Drawing,Media and Performance,2007-04-11,Y,134850,http://www.moma.org/collection/works/134850,http://www.moma.org/media/W1siZiIsIjE5MzIyMSJdLFsicCIsImNvbnZlcnQiLCItcmVzaXplIDMwMHgzMDBcdTAwM2UiXV0.jpg?sha=45748c9a89f5e1f8,27.9400558801,21.5900431801,,,,,,
1046,Drapery fabric (461),"['Konwiser Inc.', 'New York', 'NY']",[9222],[],['American'],[0],[0],[],Before 1955,"Linen, cotton, and rayon","49 x 48"" (124.5 x 121.9 cm)",Given anonymously,485.1975.1,Design,Architecture & Design,,Y,1466,http://www.moma.org/collection/works/1466,http://www.moma.org/media/W1siZiIsIjQyMjYyNyJdLFsicCIsImNvbnZlcnQiLCItcmVzaXplIDMwMHgzMDBcdTAwM2UiXV0.jpg?sha=acc466c92c51075a,124.5,121.9202,,,,,,
31364,Untitled from Moonstrips Empire News,['Eduardo Paolozzi'],[4488],"['British, 1924–2005']",['British'],[1924],[2005],['Male'],1967,One from a portfolio of 101 screenprints (including title page and colophon),"composition (irreg.): 14 1/8 x 9 1/8"" (35.8 x 23.2 cm); sheet: 14 15/16 × 9 15/16"" (38 × 25.2 cm)",Gift of the artist,2463.1967.3,Print,Drawings & Prints,1967-12-13,Y,32693,http://www.moma.org/collection/works/32693,http://www.moma.org/media/W1siZiIsIjE5NTIzNSJdLFsicCIsImNvbnZlcnQiLCItcmVzaXplIDMwMHgzMDBcdTAwM2UiXV0.jpg?sha=cb87c61d4296794e,35.8,23.2,,,,,,
84449,Measles with Intestines,['Anthony Goicolea'],[28639],"['American, born 1971']",['American'],[1971],[0],['Male'],(2003),Pencil and colored pencil on transparentized paper with plexiglass,"12 1/4 x 9 3/8 x 1 1/4"" (31.1 x 23.8 x 3.2 cm)",The Judith Rothschild Foundation Contemporary Drawings Collection Gift,1743.2005,Drawing,Drawings & Prints,2005-05-10,Y,96007,http://www.moma.org/collection/works/96007,http://www.moma.org/media/W1siZiIsIjExOTk4OSJdLFsicCIsImNvbnZlcnQiLCItcmVzaXplIDMwMHgzMDBcdTAwM2UiXV0.jpg?sha=badd06fea0eb374d,30.1626,22.86,,,,,,
2625,Design for a Textile,['Gunta Stölzl'],[5675],"['Swiss, born Germany. 1897–1983']",['Swiss'],[1897],[1983],['Female'],c. 1923,Gouache on paper,"3 1/8 x 3 7/8"" (8 x 9.8 cm)",Estée and Joseph Lauder Design Fund,407.1988,Design,Architecture & Design,1988-11-22,Y,3489,http://www.moma.org/collection/works/3489,http://www.moma.org/media/W1siZiIsIjIxMTI3OSJdLFsicCIsImNvbnZlcnQiLCItcmVzaXplIDMwMHgzMDBcdTAwM2UiXV0.jpg?sha=95bce95931d7c953,8.0,9.8,,,,,,
124960,"La Révolution Surréaliste Letterhead (Letter from André Breton, Benjamin Péret, and Louis Aragon)",['Unknown Designer'],[6011],['Nationality unknown'],['Nationality unknown'],[0],[0],[],1920s,Letterpress,"10 5/8 × 8 1/4"" (27 × 21 cm)","Elaine Lustig Cohen Collection, gift of Lawrence Benenson and the Committee on Architecture and Design Funds",1432.2015.a-b,Design,Architecture & Design,2015-10-19,Y,198510,http://www.moma.org/collection/works/198510,http://www.moma.org/media/W1siZiIsIjM0Mjg2OCJdLFsicCIsImNvbnZlcnQiLCItcmVzaXplIDMwMHgzMDBcdTAwM2UiXV0.jpg?sha=d14940f6cde28b26,26.9875539751,20.9550419101,,,,,,
81530,Drawing for Opposite Circle,['Tatsuo Miyajima'],[27186],"['Japanese, born 1957']",['Japanese'],[1957],[0],['Male'],1992,Ink and collage on paper,"12 1/4 x 17 3/4"" (31.1 x 45.1 cm)",Gift of Sarah-Ann and Werner H. Kramarsky,138.2004,Drawing,Drawings & Prints,2004-05-11,Y,90712,http://www.moma.org/collection/works/90712,http://www.moma.org/media/W1siZiIsIjI4MzQzMiJdLFsicCIsImNvbnZlcnQiLCItcmVzaXplIDMwMHgzMDBcdTAwM2UiXV0.jpg?sha=14ab388e3d43103a,31.1151,45.0851,,,,,,
90076,Conchoidal Chair with Arms (Elevation sketches),['Ludwig Mies van der Rohe'],[7166],"['American, born Germany. 1886–1969']",['American'],[1886],[1969],['Male'],early 1940s,Ink on paper,"6 x 8 1/4"" (15.2 x 21 cm)","Mies van der Rohe Archive, gift of the architect",1153.1974,Mies van der Rohe Archive,Architecture & Design,1974-11-06,Y,106982,http://www.moma.org/collection/works/106982,http://www.moma.org/media/W1siZiIsIjIyMjA4MiJdLFsicCIsImNvbnZlcnQiLCItcmVzaXplIDMwMHgzMDBcdTAwM2UiXV0.jpg?sha=d6ecc6658229673c,15.2,21.0,,,,,,
7210,Polio Research,['Herbert Bayer'],[399],"['American, born Austria. 1900–1985']",['American'],[1900],[1985],['Male'],1949,Offset lithograph,"44 1/2 x 29"" (113.0 x 73.7 cm)",Gift of the National Foundation for Infantile Paralysis,857.1979,Design,Architecture & Design,1979-05-30,Y,8270,http://www.moma.org/collection/works/8270,http://www.moma.org/media/W1siZiIsIjEwMjk5Il0sWyJwIiwiY29udmVydCIsIi1yZXNpemUgMzAweDMwMFx1MDAzZSJdXQ.jpg?sha=5bacd8f0607adbe3,113.0302,73.6601,,,,,,
120123,"Palacio de los Deportes, Mexico City, Mexico",['José Antonio Attolini Lack'],[43916],"['Mexican, 1931–2012']",['Mexican'],[1931],[2012],['Male'],1966,Print,"11 x 13 3/4"" (28 x 35 cm)",Gift of Carmen Pesqueira de Attolini,660.2014.7,Architecture,Architecture & Design,2014-10-06,Y,184761,http://www.moma.org/collection/works/184761,,28.0,35.0,,,,,,
99531,Untitled #11,['José Antonio Suárez Londoño'],[26770],"['Colombian, born 1955']",['Colombian'],[1955],[0],['Male'],1979-84,Etching and aquatint,"plate: 3 3/8 x 4 7/8"" (8.6 x 12.4 cm); sheet: 11 x 7 9/16"" (28 x 19.2 cm)",Gift of the artist through the Latin American and Caribbean Fund,1403.2009,Print,Drawings & Prints,2009-11-17,Y,132989,http://www.moma.org/collection/works/132989,http://www.moma.org/media/W1siZiIsIjE5MTI3NiJdLFsicCIsImNvbnZlcnQiLCItcmVzaXplIDMwMHgzMDBcdTAwM2UiXV0.jpg?sha=9ca018b4512b7a47,8.6,12.4,,,,,,
106430,Graffiti Taxonomy : New York,['Evan Roth'],[33190],"['American, born 1978']",['American'],[1978],[0],['Male'],2011,Screenprint,"39 3/8 x 39 3/8"" (100 x 100 cm)",Gift of the artist,784.2011,Design,Architecture & Design,2011-09-20,Y,147174,http://www.moma.org/collection/works/147174,http://www.moma.org/media/W1siZiIsIjMwMTcwMiJdLFsicCIsImNvbnZlcnQiLCItcmVzaXplIDMwMHgzMDBcdTAwM2UiXV0.jpg?sha=0b4b6bcffb66004e,100.0,100.0,0.0,,,,,
112671,Dognat' i peregnat' v tekhniko-ekonomicheskom otnoshenii peredovye kapitalisticheskie strany v 10 let. 70 kartinnye diagrammna otkrytkakh (To Catch up with and Surpass the Leading Capitalist Countries in Technical and Economic Affairs in 10 Years. 70 Pictorial Diagrams on Postcards),['Unknown Artists'],[23308],[],[],[0],[0],[],1931,"Postcard from a portfolio of 70 postcards and one booklet, letterpress printed","sheet: 5 7/8 x 4 1/8"" (15 x 10.5 cm)",Gift of The Judith Rothschild Foundation,424.2001.35,Illustrated Book,Drawings & Prints,2001-01-24,Y,164398,http://www.moma.org/collection/works/164398,http://www.moma.org/media/W1siZiIsIjI1NTQyOCJdLFsicCIsImNvbnZlcnQiLCItcmVzaXplIDMwMHgzMDBcdTAwM2UiXV0.jpg?sha=f19e64e59ab748e7,15.0,10.5,,,,,,
111276,"Iberê Camargo Museum, Porto Alegre, Brazil (Plan, section, elevation and perspective sketches)",['Álvaro Siza'],[29732],"['Portuguese, born 1933']",['Portuguese'],[1933],[0],['Male'],1998-2008,Ink on paper,"11 11/16 x 8 1/4"" (29.7 x 21 cm)",Gift of Jorge Gerdau Johannpeter,890.2012,Architecture,Architecture & Design,2012-06-07,Y,161497,http://www.moma.org/collection/works/161497,http://www.moma.org/media/W1siZiIsIjI1NjA4NiJdLFsicCIsImNvbnZlcnQiLCItcmVzaXplIDMwMHgzMDBcdTAwM2UiXV0.jpg?sha=0dac2fa163d31bef,29.7,21.0,,,,,,
22138,Headpiece (page 112) from Calligrammes,['Giorgio de Chirico'],[1106],"['Italian, born Greece. 1888–1978']",['Italian'],[1888],[1978],['Male'],1930,One from an illustrated book with sixty-eight lithographs (including wrapper),"composition (irreg.): 5 15/16 × 6 1/4"" (15.1 × 15.9 cm); page: 12 13/16 × 9 15/16"" (32.6 × 25.2 cm)",The Louis E. Stern Collection,763.1964.21,Illustrated Book,Drawings & Prints,1964-10-06,Y,23425,http://www.moma.org/collection/works/23425,,15.1,15.9,,,,,,
75555,She-Goat,['Pablo Picasso'],[4609],"['Spanish, 1881–1973']",['Spanish'],[1881],[1973],['Male'],"Vallauris, 1950 (cast 1952)",Bronze,"46 3/8 x 56 3/8 x 28 1/8"" (117.7 x 143.1 x 71.4 cm)
",Mrs. Simon Guggenheim Fund,611.1959,Sculpture,Painting & Sculpture,1959-04-22,Y,81670,http://www.moma.org/collection/works/81670,http://www.moma.org/media/W1siZiIsIjMxMDI5OCJdLFsicCIsImNvbnZlcnQiLCItcmVzaXplIDMwMHgzMDBcdTAwM2UiXV0.jpg?sha=6d747a86d426567f,117.8,143.1927863856,71.4376428753,,,,,
114484,"Urban Proposal with Multi Thin-Shell Capsules, project (Elevation and exterior perspective sketches)",['Daniel Grataloup'],[42362],"['Swiss, born 1937']",['Swiss'],[1937],[0],['Male'],1970,Pencil and colored pencil on paper,"11 3/4 x 8 1/4"" (29.8 x 21 cm)",Gift of the architect,1808.2012.62,Architecture,Architecture & Design,2012-10-15,Y,168721,http://www.moma.org/collection/works/168721,http://www.moma.org/media/W1siZiIsIjI2NjE5MyJdLFsicCIsImNvbnZlcnQiLCItcmVzaXplIDMwMHgzMDBcdTAwM2UiXV0.jpg?sha=922d946fe591e001,29.8450596901,20.9550419101,,,,,,
